date,ticker,equity,price,cash
2025-12-08,AAPL,10000.0,277.3746643066406,10000.0
2025-12-09,AAPL,10000.0,276.6659851074219,10000.0
2025-12-10,AAPL,10000.0,278.26300048828125,10000.0
2025-12-11,AAPL,10000.0,277.514404296875,10000.0
2025-12-12,AAPL,10000.0,277.763916015625,10000.0
2025-12-15,AAPL,10000.0,273.6016540527344,10000.0
2025-12-16,AAPL,10000.0,274.1007385253906,10000.0
2025-12-17,AAPL,10000.0,271.33587646484375,10000.0
2025-12-18,AAPL,10000.0,271.68524169921875,10000.0
2025-12-19,AAPL,10000.0,273.1625061035156,10000.0
2025-12-22,AAPL,10000.0,270.4674987792969,10000.0
2025-12-23,AAPL,10000.0,271.85491943359375,10000.0
2025-12-24,AAPL,10000.0,273.3022155761719,10000.0
2025-12-26,AAPL,10000.0,272.89300537109375,10000.0
2025-12-29,AAPL,10000.0,273.2523498535156,10000.0
2025-12-30,AAPL,10000.0,272.57354736328125,10000.0
2025-12-31,AAPL,10000.0,271.3558349609375,10000.0
2026-01-02,AAPL,10000.0,270.5074462890625,10000.0
2026-01-05,AAPL,10000.0,266.764404296875,10000.0
2026-01-06,AAPL,10000.0,261.87347412109375,10000.0
2026-01-07,AAPL,10000.0,259.84722900390625,10000.0
2026-01-08,AAPL,10000.0,258.55963134765625,10000.0
2026-01-09,AAPL,10000.0,258.8890075683594,10000.0
2026-01-12,AAPL,10000.0,259.7673645019531,10000.0
2026-01-13,AAPL,10000.0,260.5658874511719,10000.0
2026-01-14,AAPL,10000.0,259.4779052734375,10000.0
2026-01-15,AAPL,10000.0,257.7311706542969,10000.0
2026-01-16,AAPL,10000.0,255.05612182617188,10000.0
2026-01-20,AAPL,10000.0,246.2425079345703,10000.0
2026-01-21,AAPL,10000.0,247.1907501220703,10000.0
2026-01-22,AAPL,10000.0,247.8894500732422,10000.0
2026-01-23,AAPL,10000.0,247.58001708984375,10000.0
2026-01-26,AAPL,10000.0,254.93637084960938,10000.0
2026-01-27,AAPL,10000.0,257.7910461425781,10000.0
2026-01-28,AAPL,10000.0,255.96444702148438,10000.0
2026-01-29,AAPL,10000.0,257.801025390625,10000.0
2026-01-30,AAPL,10000.0,258.99884033203125,10000.0
2026-02-02,AAPL,10000.0,269.50927734375,10000.0
2026-02-03,AAPL,10000.0,268.98028564453125,10000.0
2026-02-04,AAPL,9997.5,275.97723388671875,7497.5
2026-03-06,AAPL,9850.867712304309,257.2229919433594,9850.867712304309
2026-03-09,AAPL,9850.867712304309,259.6407775878906,9850.867712304309
2026-03-10,AAPL,9850.867712304309,260.58990478515625,9850.867712304309
2026-03-11,AAPL,9850.867712304309,260.5699157714844,9850.867712304309
2026-03-12,AAPL,9850.867712304309,255.52456665039062,9850.867712304309
2026-03-13,AAPL,9850.867712304309,249.8897705078125,9850.867712304309
2026-03-16,AAPL,9850.867712304309,252.58729553222656,9850.867712304309
2026-03-17,AAPL,9850.867712304309,253.99598693847656,9850.867712304309
2026-03-18,AAPL,9850.867712304309,249.70994567871094,9850.867712304309
2026-03-19,AAPL,9850.867712304309,248.73085021972656,9850.867712304309
2026-03-20,AAPL,9850.867712304309,247.76173400878906,9850.867712304309
2026-03-23,AAPL,9850.867712304309,251.25851440429688,9850.867712304309
2026-03-24,AAPL,9850.867712304309,251.4083709716797,9850.867712304309
2026-03-25,AAPL,9850.867712304309,252.38746643066406,9850.867712304309
2026-03-26,AAPL,9850.867712304309,252.6572265625,9850.867712304309
2026-03-27,AAPL,9850.867712304309,248.57098388671875,9850.867712304309
2026-03-30,AAPL,9850.867712304309,246.40298461914062,9850.867712304309
2026-03-31,AAPL,9850.867712304309,253.55638122558594,9850.867712304309
2026-04-01,AAPL,9850.867712304309,255.3946990966797,9850.867712304309
2026-04-02,AAPL,9850.867712304309,255.68443298339844,9850.867712304309
2026-04-06,AAPL,9850.867712304309,258.6217041015625,9850.867712304309
2026-04-07,AAPL,9850.867712304309,253.26666259765625,9850.867712304309
2026-04-08,AAPL,9850.867712304309,258.66168212890625,9850.867712304309
2026-04-09,AAPL,9850.867712304309,260.2502136230469,9850.867712304309
2026-04-10,AAPL,9850.867712304309,260.240234375,9850.867712304309
2026-04-13,AAPL,9848.404995376233,258.96142578125,7385.688067300156
2026-05-14,AAPL,10225.09228302286,298.2099914550781,10225.09228302286
2026-05-15,AAPL,10225.09228302286,300.2300109863281,10225.09228302286
2026-05-18,AAPL,10225.09228302286,297.8399963378906,10225.09228302286
2026-05-19,AAPL,10225.09228302286,298.9700012207031,10225.09228302286
2026-05-20,AAPL,10225.09228302286,302.25,10225.09228302286
2026-05-21,AAPL,10225.09228302286,304.989990234375,10225.09228302286
2026-05-22,AAPL,10225.09228302286,308.82000732421875,10225.09228302286
2026-05-26,AAPL,10225.09228302286,308.3299865722656,10225.09228302286
2026-05-27,AAPL,10225.09228302286,310.8500061035156,10225.09228302286
2026-05-28,AAPL,10225.09228302286,312.510009765625,10225.09228302286
2026-05-29,AAPL,10225.09228302286,312.05999755859375,10225.09228302286
2026-06-01,AAPL,10225.09228302286,306.30999755859375,10225.09228302286
2026-06-02,AAPL,10225.09228302286,315.20001220703125,10225.09228302286
2026-06-03,AAPL,10225.09228302286,310.260009765625,10225.09228302286
2026-06-04,AAPL,10225.09228302286,311.2300109863281,10225.09228302286
2026-06-05,AAPL,10225.09228302286,307.3399963378906,10225.09228302286
2025-12-08,TSLA,10225.09228302286,439.5799865722656,10225.09228302286
2025-12-09,TSLA,10225.09228302286,445.1700134277344,10225.09228302286
2025-12-10,TSLA,10225.09228302286,451.45001220703125,10225.09228302286
2025-12-11,TSLA,10225.09228302286,446.8900146484375,10225.09228302286
2025-12-12,TSLA,10225.09228302286,458.9599914550781,10225.09228302286
2025-12-15,TSLA,10225.09228302286,475.30999755859375,10225.09228302286
2025-12-16,TSLA,10225.09228302286,489.8800048828125,10225.09228302286
2025-12-17,TSLA,10225.09228302286,467.260009765625,10225.09228302286
2025-12-18,TSLA,10225.09228302286,483.3699951171875,10225.09228302286
2025-12-19,TSLA,10225.09228302286,481.20001220703125,10225.09228302286
2025-12-22,TSLA,10225.09228302286,488.7300109863281,10225.09228302286
2025-12-23,TSLA,10225.09228302286,485.55999755859375,10225.09228302286
2025-12-24,TSLA,10225.09228302286,485.3999938964844,10225.09228302286
2025-12-26,TSLA,10225.09228302286,475.19000244140625,10225.09228302286
2025-12-29,TSLA,10225.09228302286,459.6400146484375,10225.09228302286
2025-12-30,TSLA,10225.09228302286,454.42999267578125,10225.09228302286
2025-12-31,TSLA,10225.09228302286,449.7200012207031,10225.09228302286
2026-01-02,TSLA,10225.09228302286,438.07000732421875,10225.09228302286
2026-01-05,TSLA,10225.09228302286,451.6700134277344,10225.09228302286
2026-01-06,TSLA,10225.09228302286,432.9599914550781,10225.09228302286
2026-01-07,TSLA,10225.09228302286,431.4100036621094,10225.09228302286
2026-01-08,TSLA,10225.09228302286,435.79998779296875,10225.09228302286
2026-01-09,TSLA,10225.09228302286,445.010009765625,10225.09228302286
2026-01-12,TSLA,10225.09228302286,448.9599914550781,10225.09228302286
2026-01-13,TSLA,10225.09228302286,447.20001220703125,10225.09228302286
2026-01-14,TSLA,10225.09228302286,439.20001220703125,10225.09228302286
2026-01-15,TSLA,10225.09228302286,438.57000732421875,10225.09228302286
2026-01-16,TSLA,10225.09228302286,437.5,10225.09228302286
2026-01-20,TSLA,10225.09228302286,419.25,10225.09228302286
2026-01-21,TSLA,10225.09228302286,431.44000244140625,10225.09228302286
2026-01-22,TSLA,10225.09228302286,449.3599853515625,10225.09228302286
2026-01-23,TSLA,10225.09228302286,449.05999755859375,10225.09228302286
2026-01-26,TSLA,10225.09228302286,435.20001220703125,10225.09228302286
2026-01-27,TSLA,10225.09228302286,430.8999938964844,10225.09228302286
2026-01-28,TSLA,10225.09228302286,431.4599914550781,10225.09228302286
2026-01-29,TSLA,10225.09228302286,416.55999755859375,10225.09228302286
2026-01-30,TSLA,10225.09228302286,430.4100036621094,10225.09228302286
2026-02-02,TSLA,10225.09228302286,421.80999755859375,10225.09228302286
2026-02-03,TSLA,10225.09228302286,421.9599914550781,10225.09228302286
2026-02-04,TSLA,10225.09228302286,406.010009765625,10225.09228302286
2026-02-05,TSLA,10225.09228302286,397.2099914550781,10225.09228302286
2026-02-06,TSLA,10225.09228302286,411.1099853515625,10225.09228302286
2026-02-09,TSLA,10225.09228302286,417.32000732421875,10225.09228302286
2026-02-10,TSLA,10225.09228302286,425.2099914550781,10225.09228302286
2026-02-11,TSLA,10225.09228302286,428.2699890136719,10225.09228302286
2026-02-12,TSLA,10225.09228302286,417.07000732421875,10225.09228302286
2026-02-13,TSLA,10225.09228302286,417.44000244140625,10225.09228302286
2026-02-17,TSLA,10225.09228302286,410.6300048828125,10225.09228302286
2026-02-18,TSLA,10225.09228302286,411.32000732421875,10225.09228302286
2026-02-19,TSLA,10225.09228302286,411.7099914550781,10225.09228302286
2026-02-20,TSLA,10225.09228302286,411.82000732421875,10225.09228302286
2026-02-23,TSLA,10225.09228302286,399.8299865722656,10225.09228302286
2026-02-24,TSLA,10225.09228302286,409.3800048828125,10225.09228302286
2026-02-25,TSLA,10225.09228302286,417.3999938964844,10225.09228302286
2026-02-26,TSLA,10225.09228302286,408.5799865722656,10225.09228302286
2026-02-27,TSLA,10225.09228302286,402.510009765625,10225.09228302286
2026-03-02,TSLA,10225.09228302286,403.32000732421875,10225.09228302286
2026-03-03,TSLA,10225.09228302286,392.42999267578125,10225.09228302286
2026-03-04,TSLA,10225.09228302286,405.94000244140625,10225.09228302286
2026-03-05,TSLA,10225.09228302286,405.54998779296875,10225.09228302286
2026-03-06,TSLA,10225.09228302286,396.7300109863281,10225.09228302286
2026-03-09,TSLA,10225.09228302286,398.67999267578125,10225.09228302286
2026-03-10,TSLA,10225.09228302286,399.239990234375,10225.09228302286
2026-03-11,TSLA,10225.09228302286,407.82000732421875,10225.09228302286
2026-03-12,TSLA,10225.09228302286,395.010009765625,10225.09228302286
2026-03-13,TSLA,10225.09228302286,391.20001220703125,10225.09228302286
2026-03-16,TSLA,10225.09228302286,395.55999755859375,10225.09228302286
2026-03-17,TSLA,10225.09228302286,399.2699890136719,10225.09228302286
2026-03-18,TSLA,10225.09228302286,392.7799987792969,10225.09228302286
2026-03-19,TSLA,10225.09228302286,380.29998779296875,10225.09228302286
2026-03-20,TSLA,10225.09228302286,367.9599914550781,10225.09228302286
2026-03-23,TSLA,10225.09228302286,380.8500061035156,10225.09228302286
2026-03-24,TSLA,10225.09228302286,383.0299987792969,10225.09228302286
2026-03-25,TSLA,10225.09228302286,385.95001220703125,10225.09228302286
2026-03-26,TSLA,10225.09228302286,372.1099853515625,10225.09228302286
2026-03-27,TSLA,10225.09228302286,361.8299865722656,10225.09228302286
2026-03-30,TSLA,10225.09228302286,355.2799987792969,10225.09228302286
2026-03-31,TSLA,10225.09228302286,371.75,10225.09228302286
2026-04-01,TSLA,10225.09228302286,381.260009765625,10225.09228302286
2026-04-02,TSLA,10225.09228302286,360.5899963378906,10225.09228302286
2026-04-06,TSLA,10225.09228302286,352.82000732421875,10225.09228302286
2026-04-07,TSLA,10225.09228302286,346.6499938964844,10225.09228302286
2026-04-08,TSLA,10225.09228302286,343.25,10225.09228302286
2026-04-09,TSLA,10225.09228302286,345.6199951171875,10225.09228302286
2026-04-10,TSLA,10225.09228302286,348.95001220703125,10225.09228302286
2026-04-13,TSLA,10225.09228302286,352.4200134277344,10225.09228302286
2026-04-14,TSLA,10225.09228302286,364.20001220703125,10225.09228302286
2026-04-15,TSLA,10225.09228302286,391.95001220703125,10225.09228302286
2026-04-16,TSLA,10225.09228302286,388.8999938964844,10225.09228302286
2026-04-17,TSLA,10225.09228302286,400.6199951171875,10225.09228302286
2026-04-20,TSLA,10225.09228302286,392.5,10225.09228302286
2026-04-21,TSLA,10225.09228302286,386.4200134277344,10225.09228302286
2026-04-22,TSLA,10222.536009952104,387.510009765625,7666.262939196389
2026-04-24,TSLA,10129.102661260295,376.29998779296875,10129.102661260295
2026-04-27,TSLA,10129.102661260295,378.6700134277344,10129.102661260295
2026-04-28,TSLA,10129.102661260295,376.0199890136719,10129.102661260295
2026-04-29,TSLA,10129.102661260295,372.79998779296875,10129.102661260295
2026-04-30,TSLA,10129.102661260295,381.6300048828125,10129.102661260295
2026-05-01,TSLA,10126.57038559498,390.82000732421875,7594.294720279906
2026-05-19,TSLA,10210.062963911545,404.1099853515625,10210.062963911545
2026-05-20,TSLA,10210.062963911545,417.260009765625,10210.062963911545
2026-05-21,TSLA,10210.062963911545,417.8500061035156,10210.062963911545
2026-05-22,TSLA,10210.062963911545,426.010009765625,10210.062963911545
2026-05-26,TSLA,10210.062963911545,433.5899963378906,10210.062963911545
2026-05-27,TSLA,10210.062963911545,440.3599853515625,10210.062963911545
2026-05-28,TSLA,10210.062963911545,442.1000061035156,10210.062963911545
2026-05-29,TSLA,10210.062963911545,435.7900085449219,10210.062963911545
2026-06-01,TSLA,10210.062963911545,415.8800048828125,10210.062963911545
2026-06-02,TSLA,10210.062963911545,423.739990234375,10210.062963911545
2026-06-03,TSLA,10210.062963911545,423.70001220703125,10210.062963911545
2026-06-04,TSLA,10210.062963911545,418.45001220703125,10210.062963911545
2026-06-05,TSLA,10210.062963911545,391.0,10210.062963911545
